metric,rowPearson,rowSpearman,methodRetentionPearson,methodRetentionSpearman,rowSpearmanSubjectBootstrapCiLower,rowSpearmanSubjectBootstrapCiUpper,nRows,nSubjects,nMethodRetentionCells
LSD,0.2474625,0.83606334,0.25185241,0.86088463,0.82457657,0.84590632,943,41,23
ILD,0.40050059,0.78602199,0.40931287,0.8045466,0.77043978,0.8022209,943,41,23
Relative lateral RMS,0.96590032,0.87684664,0.9707592,0.94957983,0.86191422,0.8902201,943,41,23
Relative local polar RMS,0.45171901,0.78549986,0.47471637,0.84972813,0.75671428,0.80908832,943,41,23
Relative quadrant error,0.37275327,0.70412365,0.39567716,0.82797825,0.67528416,0.73332112,943,41,23
